{"cameraTransformation": [{"translation": {"y": -4.440892098500626e-16, "x": 4.440892098500626e-16, "z": 0.0}, "quaternion": {"y": 0.577350269189626, "x": 0.5773502691896255, "z": 0.5773502691896257, "w": 0.0}}, {"translation": {"y": -4.440892098500626e-16, "x": 4.440892098500626e-16, "z": 0.0}, "quaternion": {"y": 0.577350269189626, "x": 0.5773502691896255, "z": 0.5773502691896257, "w": 0.0}}]}