{"cameraTransformation": [{"translation": {"y": -0.04457791587995699, "x": 0.8266985213829614, "z": -0.03155161719077282}, "quaternion": {"y": 0.1217058944389684, "x": -0.47749240909662954, "z": 0.864171894332345, "w": -0.10195887190408677}}]}